"","year","variable","value"
"1",1980,"enso",0.33
"2",1980.08333333333,"enso",0.2
"3",1980.16666666667,"enso",0.39
"4",1980.25,"enso",0.51
"5",1980.33333333333,"enso",0.45
"6",1980.41666666667,"enso",0.55
"7",1980.5,"enso",0.47
"8",1980.58333333333,"enso",0.03
"9",1980.66666666667,"enso",0.12
"10",1980.75,"enso",0.02
"11",1980.83333333333,"enso",-0.07
"12",1980.91666666667,"enso",-0.12
"13",1981,"enso",-0.36
"14",1981.08333333333,"enso",-0.23
"15",1981.16666666667,"enso",0.33
"16",1981.25,"enso",0.43
"17",1981.33333333333,"enso",-0.24
"18",1981.41666666667,"enso",-0.7
"19",1981.5,"enso",-0.61
"20",1981.58333333333,"enso",-0.34
"21",1981.66666666667,"enso",-0.07
"22",1981.75,"enso",-0.16
"23",1981.83333333333,"enso",-0.27
"24",1981.91666666667,"enso",-0.19
"25",1982,"enso",-0.43
"26",1982.08333333333,"enso",-0.49
"27",1982.16666666667,"enso",-0.27
"28",1982.25,"enso",-0.36
"29",1982.33333333333,"enso",-0.12
"30",1982.41666666667,"enso",0.62
"31",1982.5,"enso",1.65
"32",1982.58333333333,"enso",1.91
"33",1982.66666666667,"enso",1.69
"34",1982.75,"enso",1.78
"35",1982.83333333333,"enso",2.14
"36",1982.91666666667,"enso",2.37
"37",1983,"enso",2.48
"38",1983.08333333333,"enso",2.68
"39",1983.16666666667,"enso",2.61
"40",1983.25,"enso",2.76
"41",1983.33333333333,"enso",2.86
"42",1983.41666666667,"enso",1.98
"43",1983.5,"enso",0.63
"44",1983.58333333333,"enso",-0.17
"45",1983.66666666667,"enso",-0.49
"46",1983.75,"enso",-0.53
"47",1983.83333333333,"enso",-0.47
"48",1983.91666666667,"enso",-0.5
"49",1984,"enso",-0.54
"50",1984.08333333333,"enso",-0.56
"51",1984.16666666667,"enso",-0.16
"52",1984.25,"enso",0.07
"53",1984.33333333333,"enso",-0.45
"54",1984.41666666667,"enso",-0.66
"55",1984.5,"enso",-0.34
"56",1984.58333333333,"enso",-0.2
"57",1984.66666666667,"enso",-0.14
"58",1984.75,"enso",-0.19
"59",1984.83333333333,"enso",-0.58
"60",1984.91666666667,"enso",-0.28
"61",1985,"enso",-0.25
"62",1985.08333333333,"enso",-0.58
"63",1985.16666666667,"enso",-0.6
"64",1985.25,"enso",-0.76
"65",1985.33333333333,"enso",-1.23
"66",1985.41666666667,"enso",-0.67
"67",1985.5,"enso",-0.1
"68",1985.58333333333,"enso",-0.49
"69",1985.66666666667,"enso",-0.56
"70",1985.75,"enso",-0.08
"71",1985.83333333333,"enso",-0.06
"72",1985.91666666667,"enso",-0.42
"73",1986,"enso",-0.4
"74",1986.08333333333,"enso",-0.34
"75",1986.16666666667,"enso",-0.4
"76",1986.25,"enso",-0.53
"77",1986.33333333333,"enso",-0.26
"78",1986.41666666667,"enso",0.01
"79",1986.5,"enso",0.41
"80",1986.58333333333,"enso",0.97
"81",1986.66666666667,"enso",1.29
"82",1986.75,"enso",0.56
"83",1986.83333333333,"enso",0.64
"84",1986.91666666667,"enso",1.06
"85",1987,"enso",1.03
"86",1987.08333333333,"enso",1.16
"87",1987.16666666667,"enso",1.57
"88",1987.25,"enso",1.74
"89",1987.33333333333,"enso",1.96
"90",1987.41666666667,"enso",2.07
"91",1987.5,"enso",1.88
"92",1987.58333333333,"enso",1.46
"93",1987.66666666667,"enso",1.26
"94",1987.75,"enso",1.18
"95",1987.83333333333,"enso",0.9
"96",1987.91666666667,"enso",0.79
"97",1988,"enso",0.63
"98",1988.08333333333,"enso",0.33
"99",1988.16666666667,"enso",0.17
"100",1988.25,"enso",-0.01
"101",1988.33333333333,"enso",-0.39
"102",1988.41666666667,"enso",-1.17
"103",1988.5,"enso",-1.78
"104",1988.58333333333,"enso",-1.81
"105",1988.66666666667,"enso",-1.8
"106",1988.75,"enso",-1.59
"107",1988.83333333333,"enso",-1.7
"108",1988.91666666667,"enso",-1.55
"109",1989,"enso",-1.12
"110",1989.08333333333,"enso",-1.1
"111",1989.16666666667,"enso",-1.24
"112",1989.25,"enso",-1.09
"113",1989.33333333333,"enso",-1.03
"114",1989.41666666667,"enso",-0.99
"115",1989.5,"enso",-1.08
"116",1989.58333333333,"enso",-0.66
"117",1989.66666666667,"enso",-0.53
"118",1989.75,"enso",-0.49
"119",1989.83333333333,"enso",-0.36
"120",1989.91666666667,"enso",-0.07
"121",1990,"enso",0.13
"122",1990.08333333333,"enso",0.45
"123",1990.16666666667,"enso",0.61
"124",1990.25,"enso",0.17
"125",1990.33333333333,"enso",0.08
"126",1990.41666666667,"enso",0.05
"127",1990.5,"enso",0.13
"128",1990.58333333333,"enso",0.02
"129",1990.66666666667,"enso",0.22
"130",1990.75,"enso",-0.07
"131",1990.83333333333,"enso",0.12
"132",1990.91666666667,"enso",0.31
"133",1991,"enso",0.19
"134",1991.08333333333,"enso",0.08
"135",1991.16666666667,"enso",0.2
"136",1991.25,"enso",0.2
"137",1991.33333333333,"enso",0.35
"138",1991.41666666667,"enso",0.97
"139",1991.5,"enso",0.91
"140",1991.58333333333,"enso",0.37
"141",1991.66666666667,"enso",0.54
"142",1991.75,"enso",0.97
"143",1991.83333333333,"enso",1.04
"144",1991.91666666667,"enso",1.23
"145",1992,"enso",1.68
"146",1992.08333333333,"enso",1.58
"147",1992.16666666667,"enso",1.71
"148",1992.25,"enso",1.97
"149",1992.33333333333,"enso",1.68
"150",1992.41666666667,"enso",1.51
"151",1992.5,"enso",0.62
"152",1992.58333333333,"enso",-0.02
"153",1992.66666666667,"enso",0.4
"154",1992.75,"enso",0.67
"155",1992.83333333333,"enso",0.62
"156",1992.91666666667,"enso",0.73
"157",1993,"enso",0.79
"158",1993.08333333333,"enso",0.89
"159",1993.16666666667,"enso",0.77
"160",1993.25,"enso",0.98
"161",1993.33333333333,"enso",1.47
"162",1993.41666666667,"enso",1.51
"163",1993.5,"enso",0.9
"164",1993.58333333333,"enso",0.6
"165",1993.66666666667,"enso",0.61
"166",1993.75,"enso",0.96
"167",1993.83333333333,"enso",0.7
"168",1993.91666666667,"enso",0.27
"169",1994,"enso",-0.01
"170",1994.08333333333,"enso",-0.21
"171",1994.16666666667,"enso",-0.23
"172",1994.25,"enso",0.01
"173",1994.33333333333,"enso",-0.03
"174",1994.41666666667,"enso",0.25
"175",1994.5,"enso",0.96
"176",1994.58333333333,"enso",0.87
"177",1994.66666666667,"enso",1.1
"178",1994.75,"enso",1.52
"179",1994.83333333333,"enso",1.01
"180",1994.91666666667,"enso",0.91
"181",1995,"enso",0.82
"182",1995.08333333333,"enso",0.54
"183",1995.16666666667,"enso",0.17
"184",1995.25,"enso",0.13
"185",1995.33333333333,"enso",0.14
"186",1995.41666666667,"enso",0.01
"187",1995.5,"enso",-0.29
"188",1995.58333333333,"enso",-0.7
"189",1995.66666666667,"enso",-0.94
"190",1995.75,"enso",-0.74
"191",1995.83333333333,"enso",-0.77
"192",1995.91666666667,"enso",-0.9
"193",1996,"enso",-0.85
"194",1996.08333333333,"enso",-0.8
"195",1996.16666666667,"enso",-0.66
"196",1996.25,"enso",-0.76
"197",1996.33333333333,"enso",-0.85
"198",1996.41666666667,"enso",-0.91
"199",1996.5,"enso",-0.83
"200",1996.58333333333,"enso",-0.64
"201",1996.66666666667,"enso",-0.31
"202",1996.75,"enso",-0.37
"203",1996.83333333333,"enso",-0.34
"204",1996.91666666667,"enso",-0.47
"205",1997,"enso",-0.65
"206",1997.08333333333,"enso",-0.72
"207",1997.16666666667,"enso",-0.3
"208",1997.25,"enso",0.15
"209",1997.33333333333,"enso",0.71
"210",1997.41666666667,"enso",2.34
"211",1997.5,"enso",2.26
"212",1997.58333333333,"enso",2.26
"213",1997.66666666667,"enso",2.2
"214",1997.75,"enso",2.06
"215",1997.83333333333,"enso",2.14
"216",1997.91666666667,"enso",2.11
"217",1998,"enso",2.3
"218",1998.08333333333,"enso",2.45
"219",1998.16666666667,"enso",2.27
"220",1998.25,"enso",2.61
"221",1998.33333333333,"enso",2.33
"222",1998.41666666667,"enso",0.42
"223",1998.5,"enso",-1.53
"224",1998.58333333333,"enso",-1.82
"225",1998.66666666667,"enso",-1.4
"226",1998.75,"enso",-1.29
"227",1998.83333333333,"enso",-1.34
"228",1998.91666666667,"enso",-1.29
"229",1999,"enso",-1.28
"230",1999.08333333333,"enso",-1.2
"231",1999.16666666667,"enso",-1.15
"232",1999.25,"enso",-1.16
"233",1999.33333333333,"enso",-1.33
"234",1999.41666666667,"enso",-1.26
"235",1999.5,"enso",-1.18
"236",1999.58333333333,"enso",-1.03
"237",1999.66666666667,"enso",-1.16
"238",1999.75,"enso",-1.33
"239",1999.83333333333,"enso",-1.33
"240",1999.91666666667,"enso",-1.43
"241",2000,"enso",-1.25
"242",2000.08333333333,"enso",-1.26
"243",2000.16666666667,"enso",-1.37
"244",2000.25,"enso",-0.9
"245",2000.33333333333,"enso",-0.93
"246",2000.41666666667,"enso",-1.18
"247",2000.5,"enso",-0.61
"248",2000.58333333333,"enso",-0.08
"249",2000.66666666667,"enso",-0.35
"250",2000.75,"enso",-0.52
"251",2000.83333333333,"enso",-0.86
"252",2000.91666666667,"enso",-0.79
"253",2001,"enso",-0.83
"254",2001.08333333333,"enso",-0.86
"255",2001.16666666667,"enso",-0.78
"256",2001.25,"enso",-0.55
"257",2001.33333333333,"enso",-0.51
"258",2001.41666666667,"enso",-0.73
"259",2001.5,"enso",0.04
"260",2001.58333333333,"enso",0.38
"261",2001.66666666667,"enso",-0.06
"262",2001.75,"enso",-0.22
"263",2001.83333333333,"enso",-0.28
"264",2001.91666666667,"enso",0.06
"265",2002,"enso",0.09
"266",2002.08333333333,"enso",-0.26
"267",2002.16666666667,"enso",-0.2
"268",2002.25,"enso",-0.36
"269",2002.33333333333,"enso",-0.14
"270",2002.41666666667,"enso",0.34
"271",2002.5,"enso",0.44
"272",2002.58333333333,"enso",1.01
"273",2002.66666666667,"enso",0.88
"274",2002.75,"enso",0.84
"275",2002.83333333333,"enso",0.84
"276",2002.91666666667,"enso",0.91
"277",2003,"enso",0.82
"278",2003.08333333333,"enso",0.63
"279",2003.16666666667,"enso",0.53
"280",2003.25,"enso",-0.11
"281",2003.33333333333,"enso",-0.61
"282",2003.41666666667,"enso",-0.1
"283",2003.5,"enso",0.01
"284",2003.58333333333,"enso",0.05
"285",2003.66666666667,"enso",0.18
"286",2003.75,"enso",0.28
"287",2003.83333333333,"enso",0.3
"288",2003.91666666667,"enso",0.14
"289",2004,"enso",0.19
"290",2004.08333333333,"enso",-0.05
"291",2004.16666666667,"enso",-0.43
"292",2004.25,"enso",-0.23
"293",2004.33333333333,"enso",-0.46
"294",2004.41666666667,"enso",-0.39
"295",2004.5,"enso",0.46
"296",2004.58333333333,"enso",0.77
"297",2004.66666666667,"enso",0.59
"298",2004.75,"enso",0.4
"299",2004.83333333333,"enso",0.56
"300",2004.91666666667,"enso",0.48
"301",2005,"enso",0.09
"302",2005.08333333333,"enso",0.61
"303",2005.16666666667,"enso",0.83
"304",2005.25,"enso",0.14
"305",2005.33333333333,"enso",0.19
"306",2005.41666666667,"enso",0.2
"307",2005.5,"enso",0
"308",2005.58333333333,"enso",0.01
"309",2005.66666666667,"enso",-0.02
"310",2005.75,"enso",-0.66
"311",2005.83333333333,"enso",-0.7
"312",2005.91666666667,"enso",-0.7
"313",2006,"enso",-0.64
"314",2006.08333333333,"enso",-0.48
"315",2006.16666666667,"enso",-0.62
"316",2006.25,"enso",-0.84
"317",2006.33333333333,"enso",-0.42
"318",2006.41666666667,"enso",-0.18
"319",2006.5,"enso",0.21
"320",2006.58333333333,"enso",0.59
"321",2006.66666666667,"enso",0.65
"322",2006.75,"enso",0.77
"323",2006.83333333333,"enso",1
"324",2006.91666666667,"enso",0.64
"325",2007,"enso",0.64
"326",2007.08333333333,"enso",0.39
"327",2007.16666666667,"enso",-0.19
"328",2007.25,"enso",-0.32
"329",2007.33333333333,"enso",-0.41
"330",2007.41666666667,"enso",-0.83
"331",2007.5,"enso",-0.75
"332",2007.58333333333,"enso",-0.9
"333",2007.66666666667,"enso",-1.06
"334",2007.75,"enso",-1.13
"335",2007.83333333333,"enso",-1.12
"336",2007.91666666667,"enso",-1.19
"337",2008,"enso",-1.06
"338",2008.08333333333,"enso",-1.27
"339",2008.16666666667,"enso",-1.52
"340",2008.25,"enso",-1.11
"341",2008.33333333333,"enso",-0.99
"342",2008.41666666667,"enso",-0.8
"343",2008.5,"enso",-0.78
"344",2008.58333333333,"enso",-1.01
"345",2008.66666666667,"enso",-1.02
"346",2008.75,"enso",-1.08
"347",2008.83333333333,"enso",-0.98
"348",2008.91666666667,"enso",-1.01
"349",2009,"enso",-1.01
"350",2009.08333333333,"enso",-0.85
"351",2009.16666666667,"enso",-0.95
"352",2009.25,"enso",-0.81
"353",2009.33333333333,"enso",-0.72
"354",2009.41666666667,"enso",-0.05
"355",2009.5,"enso",0.56
"356",2009.58333333333,"enso",0.56
"357",2009.66666666667,"enso",0.42
"358",2009.75,"enso",0.56
"359",2009.83333333333,"enso",1.04
"360",2009.91666666667,"enso",0.95
"361",2010,"enso",0.93
"362",2010.08333333333,"enso",1.28
"363",2010.16666666667,"enso",1.33
"364",2010.25,"enso",0.49
"365",2010.33333333333,"enso",-0.12
"366",2010.41666666667,"enso",-1.29
"367",2010.5,"enso",-2.43
"368",2010.58333333333,"enso",-2.38
"369",2010.66666666667,"enso",-2.26
"370",2010.75,"enso",-2.16
"371",2010.83333333333,"enso",-2.01
"372",2010.91666666667,"enso",-1.86
"373",2011,"enso",-1.77
"374",2011.08333333333,"enso",-1.59
"375",2011.16666666667,"enso",-1.75
"376",2011.25,"enso",-1.69
"377",2011.33333333333,"enso",-1.23
"378",2011.41666666667,"enso",-1.02
"379",2011.5,"enso",-0.75
"380",2011.58333333333,"enso",-0.81
"381",2011.66666666667,"enso",-1.08
"382",2011.75,"enso",-1.3
"383",2011.83333333333,"enso",-1.14
"384",2011.91666666667,"enso",-1.18
"385",2012,"enso",-1.07
"386",2012.08333333333,"enso",-0.68
"387",2012.16666666667,"enso",-0.58
"388",2012.25,"enso",-0.38
"389",2012.33333333333,"enso",-0.32
"390",2012.41666666667,"enso",-0.28
"391",2012.5,"enso",0.34
"392",2012.58333333333,"enso",-0.02
"393",2012.66666666667,"enso",-0.29
"394",2012.75,"enso",-0.19
"395",2012.83333333333,"enso",-0.03
"396",2012.91666666667,"enso",-0.03
"397",2013,"enso",-0.06
"398",2013.08333333333,"enso",-0.08
"399",2013.16666666667,"enso",-0.12
"400",2013.25,"enso",-0.35
"401",2013.33333333333,"enso",-0.68
"402",2013.41666666667,"enso",-1.14
"403",2013.5,"enso",-0.79
"404",2013.58333333333,"enso",-0.45
"405",2013.66666666667,"enso",-0.33
"406",2013.75,"enso",-0.13
"407",2013.83333333333,"enso",-0.16
"408",2013.91666666667,"enso",-0.34
"409",2014,"enso",-0.5
"410",2014.08333333333,"enso",-0.42
"411",2014.16666666667,"enso",-0.05
"412",2014.25,"enso",-0.16
"413",2014.33333333333,"enso",-0.17
"414",2014.41666666667,"enso",0
"415",2014.5,"enso",0.42
"416",2014.58333333333,"enso",0.23
"417",2014.66666666667,"enso",-0.09
"418",2014.75,"enso",0.12
"419",2014.83333333333,"enso",0.37
"420",2014.91666666667,"enso",0.35
"421",2015,"enso",0.23
"422",2015.08333333333,"enso",0.06
"423",2015.16666666667,"enso",0.15
"424",2015.25,"enso",0.31
"425",2015.33333333333,"enso",0.95
"426",2015.41666666667,"enso",1.9
"427",2015.5,"enso",1.79
"428",2015.58333333333,"enso",1.95
"429",2015.66666666667,"enso",2.24
"430",2015.75,"enso",2.15
"431",2015.83333333333,"enso",1.94
"432",2015.91666666667,"enso",1.93
"433",2016,"enso",1.94
"434",2016.08333333333,"enso",1.81
"435",2016.16666666667,"enso",1.32
"436",2016.25,"enso",1.33
"437",2016.33333333333,"enso",1.24
"438",2016.41666666667,"enso",0.36
"439",2016.5,"enso",-0.53
"440",2016.58333333333,"enso",-0.27
"441",2016.66666666667,"enso",-0.29
"442",2016.75,"enso",-0.54
"443",2016.83333333333,"enso",-0.48
"444",2016.91666666667,"enso",-0.37
"445",2017,"enso",-0.43
"446",2017.08333333333,"enso",-0.42
"447",2017.16666666667,"enso",-0.58
"448",2017.25,"enso",-0.19
"449",2017.33333333333,"enso",0.19
"450",2017.41666666667,"enso",-0.24
"451",2017.5,"enso",-0.63
"452",2017.58333333333,"enso",-0.73
"453",2017.66666666667,"enso",-0.74
"454",2017.75,"enso",-0.59
"455",2017.83333333333,"enso",-0.62
"456",2017.91666666667,"enso",-0.74
"457",2018,"enso",-0.79
"458",2018.08333333333,"enso",-0.71
"459",2018.16666666667,"enso",-0.8
"460",2018.25,"enso",-1.32
"461",2018.33333333333,"enso",-0.94
"462",2018.41666666667,"enso",-0.52
"463",2018.5,"enso",-0.05
"464",2018.58333333333,"enso",0.46
"465",2018.66666666667,"enso",0.62
"466",2018.75,"enso",0.52
"467",2018.83333333333,"enso",0.33
"468",2018.91666666667,"enso",0.18
"469",2019,"enso",0.09
"470",2019.08333333333,"enso",0.5
"471",2019.16666666667,"enso",0.76
"472",2019.25,"enso",0.3
"473",2019.33333333333,"enso",0.23
"474",2019.41666666667,"enso",0.35
"475",2019.5,"enso",0.3
"476",2019.58333333333,"enso",0.32
"477",2019.66666666667,"enso",0.16
"478",2019.75,"enso",0.31
"479",2019.83333333333,"enso",0.47
"480",2019.91666666667,"enso",0.36
"481",2020,"enso",0.25
"482",2020.08333333333,"enso",0.26
"483",2020.16666666667,"enso",0.13
"484",2020.25,"enso",-0.15
"485",2020.33333333333,"enso",-0.23
"486",2020.41666666667,"enso",-0.68
"487",2020.5,"enso",-0.94
"488",2020.58333333333,"enso",-0.96
"489",2020.66666666667,"enso",-1.15
"490",2020.75,"enso",-1.17
"491",2020.83333333333,"enso",-1.13
"492",2020.91666666667,"enso",-1.14
"493",2021,"enso",-1.2
"494",2021.08333333333,"enso",-0.96
"495",2021.16666666667,"enso",-0.79
"496",2021.25,"enso",-0.95
"497",2021.33333333333,"enso",-1.07
"498",2021.41666666667,"enso",-1.05
"499",2021.5,"enso",-1.44
"500",2021.58333333333,"enso",-1.29
"501",2021.66666666667,"enso",-1.38
"502",2021.75,"enso",-1.46
"503",2021.83333333333,"enso",-1.39
"504",2021.91666666667,"enso",-1.2
"505",2022,"enso",-1.01
"506",2022.08333333333,"enso",-0.98
"507",2022.16666666667,"enso",-1.31
"508",2022.25,"enso",-1.61
"509",2022.33333333333,"enso",-1.63
"510",2022.41666666667,"enso",-1.9
"511",2022.5,"enso",-2.17
"512",2022.58333333333,"enso",-1.75
"513",2022.66666666667,"enso",-1.73
"514",2022.75,"enso",-1.73
"515",2022.83333333333,"enso",-1.53
"516",2022.91666666667,"enso",-1.28
"517",2023,"enso",-1.11
"518",2023.08333333333,"enso",-0.91
"519",2023.16666666667,"enso",-0.76
"520",2023.25,"enso",-0.37
"521",2023.33333333333,"enso",-0.06
"522",2023.41666666667,"enso",0.43
"523",2023.5,"enso",0.5
"524",2023.58333333333,"enso",0.51
"525",2023.66666666667,"enso",0.68
"526",2023.75,"enso",0.48
"527",2023.83333333333,"enso",0.91
"528",2023.91666666667,"enso",1.13
"529",2024,"enso",0.7
"530",2024.08333333333,"enso",0.68
"531",2024.16666666667,"enso",0.78
"532",2024.25,"enso",0.34
"533",2024.33333333333,"enso",0.12
"534",2024.41666666667,"enso",-0.23
"535",2024.5,"enso",-0.72
"536",2024.58333333333,"enso",-0.73
"537",2024.66666666667,"enso",-0.65
"538",2024.75,"enso",-0.52
"539",2024.83333333333,"enso",-0.68
"540",2024.91666666667,"enso",-0.91
"541",1986.00273972603,"anom",0.394146341463413
"542",1986.16712328767,"anom",1.12414634146341
"543",1986.33150684932,"anom",-1.39820512820513
"544",1986.49589041096,"anom",0.268536585365855
"545",1986.6602739726,"anom",-0.645897435897437
"546",1986.82465753425,"anom",-0.149487179487179
"547",1986.98904109589,"anom",1.16475
"548",1987.15342465753,"anom",-0.565853658536586
"549",1987.31780821918,"anom",-0.518205128205128
"550",1987.48219178082,"anom",-0.711463414634146
"551",1987.64657534247,"anom",2.04410256410256
"552",1987.81095890411,"anom",1.12051282051282
"553",1987.97534246575,"anom",-0.465250000000001
"554",1988.1397260274,"anom",-0.855853658536587
"555",1988.30410958904,"anom",-0.258205128205129
"556",1988.46849315068,"anom",0.0485365853658539
"557",1988.63287671233,"anom",0.194102564102563
"558",1988.79726027397,"anom",-0.789487179487178
"559",1988.96164383562,"anom",-1.50525
"560",1989.12328767123,"anom",-1.49585365853659
"561",1989.28767123288,"anom",0.271794871794871
"562",1989.45205479452,"anom",0.238536585365853
"563",1989.61643835616,"anom",-0.205897435897436
"564",1989.78082191781,"anom",0.0405128205128218
"565",1989.94520547945,"anom",0.41475
"566",1990.1095890411,"anom",-0.645853658536586
"567",1990.27397260274,"anom",0.00179487179487126
"568",1990.43835616438,"anom",-0.491463414634147
"569",1990.60273972603,"anom",0.874102564102564
"570",1990.76712328767,"anom",-0.0494871794871781
"571",1990.93150684932,"anom",-0.985250000000001
"572",1991.09589041096,"anom",-0.485853658536586
"573",1991.2602739726,"anom",-0.528205128205128
"574",1991.42465753425,"anom",-0.861463414634146
"575",1991.58904109589,"anom",-0.265897435897436
"576",1991.75342465753,"anom",0.240512820512821
"577",1991.91780821918,"anom",-1.92525
"578",1992.08219178082,"anom",0.674146341463414
"579",1992.24657534247,"anom",2.41179487179487
"580",1992.41095890411,"anom",1.51853658536585
"581",1992.57534246575,"anom",0.594102564102563
"582",1992.7397260274,"anom",-0.0794871794871792
"583",1992.90410958904,"anom",1.00475
"584",1993.06575342466,"anom",0.804146341463413
"585",1993.2301369863,"anom",1.61179487179487
"586",1993.39452054795,"anom",0.938536585365854
"587",1993.55890410959,"anom",-1.12589743589744
"588",1993.72328767123,"anom",0.44051282051282
"589",1993.88767123288,"anom",1.59475
"590",1994.05205479452,"anom",0.704146341463414
"591",1994.21643835616,"anom",0.381794871794872
"592",1994.38082191781,"anom",0.0385365853658541
"593",1994.54520547945,"anom",-0.485897435897437
"594",1994.7095890411,"anom",-1.08948717948718
"595",1994.87397260274,"anom",-0.535250000000001
"596",1995.03835616438,"anom",-0.0458536585365863
"597",1995.20273972603,"anom",1.47179487179487
"598",1995.36712328767,"anom",-0.761463414634147
"599",1995.53150684932,"anom",-0.245897435897437
"600",1995.69589041096,"anom",-0.899487179487179
"601",1995.8602739726,"anom",-0.10525
"602",1996.02465753425,"anom",0.634146341463413
"603",1996.18904109589,"anom",1.29179487179487
"604",1996.35342465753,"anom",-1.09146341463415
"605",1996.51780821918,"anom",-2.52589743589744
"606",1996.68219178082,"anom",-1.45948717948718
"607",1996.84657534247,"anom",-0.805250000000001
"608",1997.00821917808,"anom",0.314146341463413
"609",1997.17260273973,"anom",-2.02820512820513
"610",1997.33698630137,"anom",-0.801463414634146
"611",1997.50136986301,"anom",-0.0814634146341469
"612",1997.66575342466,"anom",2.74410256410257
"613",1997.8301369863,"anom",1.58051282051282
"614",1997.99452054795,"anom",1.82475
"615",1998.15890410959,"anom",1.09414634146341
"616",1998.32328767123,"anom",0.311794871794872
"617",1998.48767123288,"anom",1.25853658536585
"618",1998.65205479452,"anom",0.534102564102565
"619",1998.81643835616,"anom",-1.03948717948718
"620",1998.98082191781,"anom",-2.44525
"621",1999.14520547945,"anom",-1.28585365853659
"622",1999.3095890411,"anom",-2.28820512820513
"623",1999.47397260274,"anom",-0.401463414634147
"624",1999.63835616438,"anom",-0.405897435897437
"625",1999.80273972603,"anom",-0.509487179487179
"626",1999.96712328767,"anom",-2.34525
"627",2000.13150684931,"anom",-0.0758536585365857
"628",2000.29589041096,"anom",0.441794871794871
"629",2000.4602739726,"anom",-0.581463414634147
"630",2000.62465753425,"anom",-1.46589743589744
"631",2000.78904109589,"anom",-0.699487179487178
"632",2000.95342465753,"anom",-0.695250000000001
"633",2001.11506849315,"anom",-1.37585365853659
"634",2001.27945205479,"anom",-1.03820512820513
"635",2001.44383561644,"anom",-1.37146341463415
"636",2001.60821917808,"anom",0.484102564102564
"637",2001.77260273973,"anom",-0.55948717948718
"638",2001.93698630137,"anom",0.00474999999999959
"639",2002.10136986301,"anom",-1.44585365853659
"640",2002.26575342466,"anom",-0.778205128205128
"641",2002.4301369863,"anom",-1.27146341463415
"642",2002.59452054795,"anom",0.0141025641025632
"643",2002.75890410959,"anom",-0.949487179487178
"644",2002.92328767123,"anom",0.624749999999999
"645",2003.08767123288,"anom",0.744146341463415
"646",2003.25205479452,"anom",-0.218205128205129
"647",2003.41643835616,"anom",-1.18146341463415
"648",2003.58082191781,"anom",1.11410256410256
"649",2003.74520547945,"anom",-0.109487179487179
"650",2003.9095890411,"anom",-0.565250000000001
"651",2004.07397260274,"anom",-0.135853658536586
"652",2004.23835616438,"anom",0.361794871794871
"653",2004.40273972603,"anom",0.838536585365853
"654",2004.56712328767,"anom",0.764102564102563
"655",2004.73150684932,"anom",-0.549487179487178
"656",2004.89589041096,"anom",1.00475
"657",2005.05753424658,"anom",1.18414634146341
"658",2005.22191780822,"anom",1.88179487179487
"659",2005.38630136986,"anom",1.46853658536585
"660",2005.55068493151,"anom",0.444102564102563
"661",2005.71506849315,"anom",-0.489487179487179
"662",2005.87945205479,"anom",-0.0252499999999998
"663",2006.04383561644,"anom",0.114146341463414
"664",2006.20821917808,"anom",-0.238205128205129
"665",2006.37260273973,"anom",0.238536585365853
"666",2006.53698630137,"anom",-1.08589743589744
"667",2006.70136986301,"anom",-0.249487179487179
"668",2006.86575342466,"anom",0.384749999999999
"669",2007.0301369863,"anom",-1.62585365853659
"670",2007.19452054795,"anom",-0.228205128205129
"671",2007.35890410959,"anom",-1.23146341463415
"672",2007.52328767123,"anom",-1.10589743589744
"673",2007.68767123288,"anom",0.410512820512821
"674",2007.85205479452,"anom",0.58475
"675",2008.01643835616,"anom",-1.18585365853659
"676",2008.18082191781,"anom",-0.568205128205129
"677",2008.34520547945,"anom",-2.84146341463415
"678",2008.5095890411,"anom",-0.935897435897436
"679",2008.67397260274,"anom",-0.0494871794871781
"680",2008.83835616438,"anom",0.47475
"681",2009.00273972603,"anom",-1.30525
"682",2009.16438356164,"anom",0.0441463414634136
"683",2009.32876712329,"anom",-1.51820512820513
"684",2009.49315068493,"anom",1.81853658536585
"685",2009.65753424658,"anom",-0.335897435897436
"686",2009.82191780822,"anom",-0.629487179487178
"687",2009.98630136986,"anom",-0.635250000000001
"688",2010.15068493151,"anom",0.444146341463414
"689",2010.31506849315,"anom",0.00179487179487126
"690",2010.47945205479,"anom",-0.501463414634147
"691",2010.64383561644,"anom",-0.795897435897436
"692",2010.80821917808,"anom",-0.669487179487179
"693",2010.97260273973,"anom",-0.50525
"694",2011.13698630137,"anom",-1.12585365853659
"695",2011.30136986301,"anom",-1.04820512820513
"696",2011.46575342466,"anom",-0.571463414634147
"697",2011.6301369863,"anom",-0.605897435897436
"698",2011.79452054795,"anom",0.61051282051282
"699",2011.95890410959,"anom",-0.705250000000001
"700",2012.12328767123,"anom",-0.685853658536587
"701",2012.28767123288,"anom",-0.688205128205128
"702",2012.45205479452,"anom",-1.71146341463415
"703",2012.61643835616,"anom",-0.405897435897437
"704",2012.78082191781,"anom",-0.089487179487179
"705",2012.94520547945,"anom",1.15475
"706",2013.10684931507,"anom",-0.525853658536587
"707",2013.27123287671,"anom",-0.638205128205129
"708",2013.43561643836,"anom",1.01853658536585
"709",2013.6,"anom",0.0841025641025634
"710",2013.76438356164,"anom",-1.23948717948718
"711",2013.92876712329,"anom",-0.375250000000001
"712",2014.09315068493,"anom",0.724146341463413
"713",2014.25753424658,"anom",1.05179487179487
"714",2014.42191780822,"anom",0.318536585365853
"715",2014.58630136986,"anom",3.28410256410256
"716",2014.75068493151,"anom",2.14051282051282
"717",2014.91506849315,"anom",2.44475
"718",2015.07945205479,"anom",1.89414634146341
"719",2015.24383561644,"anom",1.08179487179487
"720",2015.40821917808,"anom",0.648536585365854
"721",2015.57260273973,"anom",1.29410256410256
"722",2015.73698630137,"anom",1.96051282051282
"723",2015.90136986301,"anom",0.594749999999999
"724",2016.06575342466,"anom",1.27414634146341
"725",2016.2301369863,"anom",1.71179487179487
"726",2016.39452054795,"anom",0.558536585365854
"727",2016.55890410959,"anom",-0.825897435897437
"728",2016.72328767123,"anom",1.12051282051282
"729",2016.88767123288,"anom",1.14475
"730",2017.04931506849,"anom",0.304146341463413
"731",2017.21369863014,"anom",1.19179487179487
"732",2017.37808219178,"anom",-1.20146341463415
"733",2017.54246575342,"anom",-0.515897435897436
"734",2017.70684931507,"anom",2.64051282051282
"735",2017.87123287671,"anom",1.37475
"736",2018.03561643836,"anom",1.09414634146341
"737",2018.2,"anom",0.331794871794871
"738",2018.36438356164,"anom",-0.961463414634146
"739",2018.52876712329,"anom",-0.865897435897436
"740",2018.69315068493,"anom",-0.299487179487178
"741",2018.85753424658,"anom",0.384749999999999
"742",2019.02191780822,"anom",1.01414634146341
"743",2019.18630136986,"anom",0.681794871794871
"744",2019.35068493151,"anom",1.59853658536585
"745",2019.51506849315,"anom",-0.925897435897436
"746",2019.67945205479,"anom",-0.189487179487179
"747",2019.84383561644,"anom",1.50475
"748",2020.00821917808,"anom",1.04414634146341
"749",2020.17260273973,"anom",0.051794871794872
"750",2020.33698630137,"anom",-0.431463414634147
"751",2020.50136986301,"anom",1.44853658536585
"752",2020.66575342466,"anom",-0.635897435897437
"753",2020.8301369863,"anom",0.300512820512822
"754",2020.99452054795,"anom",-1.16525
"755",2021.15616438356,"anom",-1.48585365853659
"756",2021.32054794521,"anom",-0.728205128205129
"757",2021.48493150685,"anom",2.06853658536585
"758",2021.64931506849,"anom",1.86410256410256
"759",2021.81369863014,"anom",-0.779487179487178
"760",2021.97808219178,"anom",-0.195250000000001
"761",2022.14246575342,"anom",-0.375853658536586
"762",2022.30684931507,"anom",-0.258205128205129
"763",2022.47123287671,"anom",-0.661463414634147
"764",2022.63561643836,"anom",-0.485897435897437
"765",2022.8,"anom",0.350512820512821
"766",2022.96438356164,"anom",-0.57525
"767",2023.12876712329,"anom",-1.24585365853659
"768",2023.29315068493,"anom",-1.80820512820513
"769",2023.45753424658,"anom",2.65853658536585
"770",2023.62191780822,"anom",1.73410256410256
"771",2023.78630136986,"anom",0.910512820512821
"772",2023.95068493151,"anom",1.33475
"773",2024.11780821918,"anom",1.05414634146341
"774",2024.28219178082,"anom",0.231794871794872
"775",2024.44657534247,"anom",0.728536585365854
"776",2024.62191780822,"anom",-1.16589743589744
"777",2024.78630136986,"anom",-0.249487179487179
"778",2024.95068493151,"anom",-1.15525
"779",2025.11232876712,"anom",-0.00585365853658537
