"","year","lat_36_00000","lat_36_00450","lat_36_00900","lat_36_01350","lat_36_01800","lat_36_02250","lat_36_02700","lat_36_03150","lat_36_03600","lat_36_04050","lat_36_04500","lat_36_05849","lat_36_06299","lat_36_06749","lat_36_07199","lat_36_07649","lat_36_08099","lat_36_08549","lat_36_08999","lat_36_09449","lat_36_09899","lat_36_10349","lat_36_10799","lat_36_11249","lat_36_11698","lat_36_12148","lat_36_12598","lat_36_13048","lat_36_13498","lat_36_13948","lat_36_14398","lat_36_14848","lat_36_15298","lat_36_15748","lat_36_16198","lat_36_16648","lat_36_17098","lat_36_17547","lat_36_17997","lat_36_18447","lat_36_19347","lat_36_19797","lat_36_20247","lat_36_20697","lat_36_21147","lat_36_21597","lat_36_22047"
"1",1984,0,0.0160395983611141,0.0978613212246911,0.0109115349813694,0.0239916772147073,0.0176088417997245,0.00084845007345503,0.0153561679349732,0.0069183708741911,0.0146774078762092,0,0,0.000191485062449484,0.185218986218921,0.032940101108688,0.036073917618532,0.0202475993676259,0.0396981227029418,0.000878029066841535,0,0.0262116585078208,0.0762670992634163,0.0546962291390257,0.0456279324823733,0,0.0882185693806902,0.0752941060599129,0.00271815381330731,0.0888677504460677,0.0233160307341945,0.00421734174126546,0.0214759059877287,0.0381553446794667,0.000175917171193428,0.0118658467153656,0.029502710719351,0.00302951163842842,0.00477311545910664,0.00204095054366889,0.000364288655391701,0,0.000298903512116267,0.204954401964223,0.0706315226287242,0.0248603655467952,0.045858337272963,0.227462459142228
"2",1985,0.00441972432759418,0.0910207898067802,0.686402336581622,0.409139750100397,0.266853894387426,0.210356460230074,0.0850162541493196,0.236652185350678,0.0807708902037932,0.110026071452173,0.00273216491543776,0,0.0316526365018122,0.441354387476553,0.18783750552819,0.0998088644208236,0.138473279144363,0.115202395294811,0.0494856559356239,0.0134631123582369,0.17939192452178,0.174355711700446,0.280492923916856,0.167666188827719,0.0590474547450933,0.475637997600638,0.411647737381748,0.118680262201414,0.436889516264316,0.106503057660928,0.0645242388889736,0.116656436338127,0.160299462685353,0.00318207697273776,0.0587251993960929,0.0541762615710735,0.0124449722700908,0.0205231510428581,0.0274212836584163,0.0080937466640233,0.000191485062449484,0.0117553146874476,0.413402238726305,0.188548958158592,0.146163817424855,0.141389145176622,0.367070637559158
"3",1986,0.0001401110213045,0.0321741608588901,0.299255346458654,0.313484399066689,0.235165451735725,0.124272248740589,0.0681982612254027,0.191285793441406,0.0227587002272277,0.0214354294704629,9.34073475363336e-05,0,0.00298592154291146,0.0932236464195121,0.0290932751793167,0.0184572918731795,0.0494000325337156,0.0146929757674653,0.0127189671561974,0.00127656708299656,0.0572773855092797,0.0585134760750105,0.108638972341258,0.0634920876986971,0.000421889853039107,0.0648869707552397,0.0704633894031588,0.0147521337542383,0.0794538466035309,0.0139379330415466,0.0113225273105292,0.0491945363691357,0.0281825535408374,0.000130770286550867,0.00732157925772294,0.0292598516157565,0.00258426994850523,0.00848761431280151,0.0152285112266736,0.0134195222627199,0.00398226658329902,0.00289874135187755,0.0897084165738947,0.0170966581774003,0.0325695852967939,0.00744300880952018,0.172017414433786
"4",1987,0.000568228030846029,0.0894515463681698,0.363398172011854,0.331091684077288,0.253364316614054,0.128551862046879,0.101874723590502,0.212970309171966,0.0386083703150179,0.0350806861563957,0.000474820683309696,0,0.0115560456793701,0.249171883498798,0.0820209918716545,0.0546386279413783,0.0695760196015636,0.0492957276623,0.00599052455533019,0.00463923159430457,0.0624038920998988,0.0797480797482704,0.106166791209797,0.0556956877576645,0.0169409792648397,0.161490406366441,0.14115251322953,0.0228894705137785,0.122807310173395,0.0273341034673824,0.0177536231884058,0.0479864680076658,0.0696740973164768,3.58061498889279e-05,0.0231089777804889,0.0493813510642083,0.0121133761863369,0.0119483565390227,0.0217888206019754,0.0236756490222093,0.0120884675603272,0.0062178157676686,0.225116377929941,0.112809610408756,0.0631542644584407,0.034901655406951,0.352667224569055
"5",1988,0.0026309736222734,0.0428677453626747,0.0990475945384025,0.177554913353565,0.130787411231249,0.075708211967324,0.0217218786695744,0.102172070313493,0.0508338353183983,0.0515608558400561,0.000526194724454679,0,0.0222729820200387,0.320707900609499,0.123878381091811,0.0683259179337024,0.0762359634809042,0.0692459803069353,0.0212719666122744,0.00709584483451014,0.105614131070207,0.103970161753567,0.147043403280822,0.104412289865239,0.0628133276399331,0.379006539785176,0.270747423990565,0.0543257133271316,0.321719813541142,0.0822187040906064,0.0367308826295376,0.0398086547308598,0.118972938557028,0.000532421880957101,0.0335129995069109,0.0356629252893721,0.00762982350459285,0.0188169101611944,0.00428272688454089,0.00181210254220487,0.0109006374574901,0.000312914614246717,0.169293033463977,0.0940207224518221,0.0445303961488214,0.0561689516518486,0.107091523950406
"6",1989,0.0116883727550465,0.12684406437609,0.269477084064071,0.447463228005429,0.238876837011168,0.287387942954163,0.137039476359681,0.249293313050595,0.103554499057031,0.127429417087317,0.00767030002185859,0,0.0516667175005973,0.313285130058612,0.134291743552987,0.108796208042945,0.120872221290267,0.0920747360448152,0.0563900157076846,0.033713825304114,0.156505567586252,0.13396481783661,0.249372709296001,0.14071349869611,0.0677903824744941,0.406960245324549,0.29536337364464,0.130452701569243,0.345253794752922,0.0864578408796303,0.0595502976326638,0.0784855237674043,0.177509766468923,0.00314627082284884,0.0498499445910156,0.0706346362069754,0.0195299195807217,0.0285701940331132,0.0273605688825177,0.0128279423949898,0.00962251358536796,0.0100459602275327,0.327772609661497,0.118650683208028,0.0760896253030973,0.0667597880733432,0.232925232183978
"7",1990,0.0205449460906166,0.207392333734921,0.675216806714146,0.734776445081563,0.343753050035838,0.351088640395691,0.279175880316594,0.406588172723529,0.113667401216964,0.115312927322729,0.00154589160172632,0,0.106971651187735,0.438025972326008,0.120086042781836,0.0915158487487228,0.151629704044856,0.0652543729888826,0.0359649423797396,0.0489189846939035,0.185313950355583,0.123461161606149,0.198951423095888,0.0982863246559814,0.062687227720759,0.229841232926154,0.200624971405914,0.108786867308191,0.195165311942415,0.027564508257972,0.0295665390735008,0.0721976524890834,0.0870478639582348,0.00158948169724328,0.0339006399991867,0.0690264730402249,0.0137121986183338,0.0170624088166369,0.0434717795434096,0.0281078276628084,0.00562000874343607,0.00265899582653429,0.34660041734657,0.128030337689801,0.101583604024014,0.0353718057228839,0.277939789750863
"8",1991,0.00514051769274956,0.0492038771038893,0.703050639490847,0.965791497008423,0.336887609991917,0.236795409950234,0.200556472684387,0.279298866657517,0.108568916830606,0.0858787153249051,0,0,0.0838128561552265,0.474542018056212,0.20250401588052,0.123917300819951,0.151572102847208,0.0732344740467367,0.0426171023134522,0.180389826351293,0.226375820332556,0.125843048968325,0.160576571149711,0.11004475292168,0.0790179456483614,0.397119781261596,0.317133512777108,0.161751946939543,0.314602173658874,0.0913928624078,0.0429922884927231,0.0849244035909089,0.120258846374778,0.000252199838348101,0.0405605838785272,0.0584792267142472,0.0146369313589435,0.00991674673010741,0.0178408033794397,0.0164505906902739,0.0061321923657603,0.00118315973546022,0.161969897417128,0.0623353933783722,0.0583749218428317,0.058645803150687,0.140028511480843
"9",1992,0.011923447913013,0.0634516111814314,0.287145083850569,0.569084264865112,0.194939577519203,0.167891923250932,0.1582351603048,0.215033054763393,0.100202732069602,0.0849135060670296,0.000980777149131502,0,0.031538990895643,0.379909477478027,0.135576094581611,0.100535884942481,0.1141437786894,0.07472120766169,0.0305955766855261,0.0930415020918162,0.172794252207463,0.114537646338178,0.195619894367092,0.140360107564597,0.0854832908870013,0.461463432612,0.327266653195675,0.176801427416772,0.348877999837331,0.109661782796781,0.0521586628642887,0.0844962865813673,0.153921297637747,0.000325368927251562,0.0408190108733778,0.0267425235996523,0.0120324231518054,0.0170110347754919,0.0131766631591255,0.011584067883631,0.00942013099903924,0.000115202395294811,0.134481671826311,0.0663939426288259,0.0592669620118036,0.0781072240098821,0.151723111392392
"10",1993,0.0204982424168484,0.10081610698509,0.352920981196529,0.259286342447857,0.0963948258683706,0.0782862547593268,0.0941670606296291,0.190867017166618,0.0520543579928731,0.0228131878466239,0,0,0.0448651058108266,0.256695845342849,0.0548098747451949,0.0501488481031319,0.0362093582724597,0.0172009630488158,0.0105441327477265,0.0191111433059338,0.0672626309609138,0.0468780341502346,0.118463868512955,0.0498499445910156,0.0563557663469212,0.259594586694727,0.122637620158704,0.0822700781317514,0.145530204250733,0.0520543579928731,0.0256698958921101,0.00923642988221778,0.0423960382576162,0,0.0169985804624871,0.0189258853999868,0.000602477391609351,0.00563246305644091,0.00730134099909007,0.0110298509549154,0.00894998068310636,0.00266522298303672,0.221531092573671,0.0735053553545921,0.0300320190220568,0.0239838932690792,0.179709509503403
"11",1994,0.0383016828572736,0.147865387939142,0.13819461389088,0.381800976265638,0.125881968696466,0.101113453708081,0.0942231050381509,0.152506176322572,0.0260404117040042,0.0357018450175123,0.000439014533420768,0,0.0417063806749729,0.237348070089824,0.0978628780138167,0.0531129745982849,0.0573661224894393,0.0451967018945806,0.016237310580066,0.00854365872132331,0.0670088743334401,0.0914395660815681,0.131723041495738,0.0863161730692002,0.0322940336215617,0.206381977592403,0.157858417336404,0.0454037548482861,0.133804468556672,0.033670235208597,0.0152907827916978,0.0317989746796192,0.0576261062734154,0.00027710846435779,0.0122643847315206,0.0257290538788831,0.00891417453321743,0.00650115138852882,0.0143302439011992,0.00842534274777729,0.00200514439377996,0.0045645057162755,0.186078333816256,0.0617624949801494,0.0448386403956913,0.0369846392570113,0.150773470025773
"12",1995,0,0.0145948980525521,0.152481267696562,0.313361412725766,0.0954872178081426,0.167480930921772,0.113200364479283,0.133317193560358,0.0380012225560317,0.0567387364718202,8.56234019083058e-05,0,0.00692771160894474,0.285185086341431,0.116335737778252,0.065628002379028,0.0911266514673214,0.0584340798296047,0.021672061417555,0.0426357837829595,0.116402679710653,0.0823027707033891,0.164607098195904,0.139830799261891,0.0377630338198141,0.377740870226058,0.277043079214514,0.0851236725989864,0.254016611257682,0.0421469519975193,0.0336655648412202,0.0738680872208582,0.109392458278051,5.13740411449835e-05,0.0183109536953726,0.0474587164940855,0.0088768115942029,0.00594849124893884,0.00126722634824293,0.00220129982360626,0.000468593526807273,0.00215459614983809,0.0813344478672624,0.0283958336510454,0.042909778669066,0.0331923009470361,0.0984669121945516
"13",1996,0.0107153795515431,0.0287912580889492,0.3660213616885,0.240620440831846,0.097012871151236,0.129040693832319,0.132025058586105,0.159387184257748,0.0276516884490059,0.050393263995852,0,0,0.0369161405354846,0.219686297459828,0.0531145313874105,0.0333137304988334,0.0857884215556199,0.0214899170898591,0.00932828044062851,0.050969275972326,0.135420415669051,0.0880348682638688,0.133745310569899,0.0727549829960502,0.0689642014752007,0.284760082910141,0.16840255008413,0.138806432017243,0.155158944992604,0.0347086135553759,0.0254659565166557,0.0439870767439851,0.0454286634742958,0,0.00221375413661111,0.0169145138497044,0.00154433481260071,0.00286449199111423,0.00829301567210081,0.0124963463112358,0.00546277304174991,0.00151008545183739,0.193035624418587,0.074764797757207,0.0321041053482378,0.0217716959215937,0.150734550297633
"14",1997,0.0189258853999868,0.123353743156482,0.372260972503927,0.275554788810435,0.0899792978817501,0.125909990900726,0.139366876102461,0.245817002933118,0.0476564287130374,0.0454504585220543,0.00142290526080348,0,0.0712153185508263,0.372959970821324,0.121364166653958,0.0827324445020562,0.0916030289397567,0.0540252530258897,0.0239932340038329,0.0734290726874374,0.183244977607654,0.133516462568435,0.187038872706754,0.0900789323857889,0.0743553622171727,0.262979046253793,0.1887622382688,0.126731975559046,0.197956634844626,0.0786785656189794,0.0338274709102832,0.0319966868985711,0.0741669907329744,0,0.025153041902409,0.0504820009760115,0.00257181563550038,0.0159010441289352,0.0171947358923134,0.0226108052602951,0.00978909002180776,0.00231494542977547,0.28384624769341,0.130614607638306,0.056182962753979,0.0437722398446515,0.27348425927338
"15",1998,0,0.00513429053624713,0.00792717022758351,0.00272905133718655,0.000467036737681668,0.000976106781754686,7.31690889034613e-05,0.0144423327182428,8.09530345314891e-05,0.000745701991165063,0,0,0.00198179255689588,0.113223716316167,0.0304990557597385,0.026656900197744,0.00234452442316197,0.00401028878755992,6.6941932401039e-05,0.000136997443053289,0.0168740373324387,0.0282899719905042,0.0206476941729065,0.0306703025635551,0.00236787626004606,0.0631355829889335,0.0253990145842547,0.00708961767800772,0.0267207285518938,0.011031407744041,0.00141045094779864,0.00475287720047377,0.00947928898581225,0,0.00450379094037688,0.0122207946360036,0.000854677229957452,0.00122674983097718,0,0.000972993203503475,0.00698219922834093,0.000387640492275784,0.080479770637305,0.00777304810414856,0.00488831785440146,0.00559042975004956,0.0621221132681642
"16",1999,0.00378455436434711,0.0591860089772722,0.254830811970374,0.0564289354358247,0.113366940915722,0.0793822343037531,0.0321570361785084,0.103258709123166,0.0221095191618502,0.045873905164219,0,0,0.0169970236733615,0.320784183276653,0.124111899460652,0.0739054501598727,0.0793728935689994,0.0649072090138726,0.0233284850471993,0.0249771247312156,0.108011586323639,0.108969011635887,0.155339532531174,0.0654801074120954,0.0650862397633172,0.385808151474947,0.250778489876423,0.0335659303371815,0.152601140459234,0.0391470193524774,0.0225827830560342,0.0552722411154998,0.0573318731286759,0.00086246117558548,0.0235931391985523,0.0612580953034532,0.0132233668328936,0.00976729497404928,0.0241644808076495,0.0204172893823169,0.000161906069062978,0.00976573818492367,0.280369937575933,0.156097688835344,0.0809763863683732,0.0515608558400561,0.277885302131467
"17",2000,0.00495525978680249,0.0495634953919042,0.0610136794107331,0.0885190296819321,0.136038460951916,0.0986210343179866,0.0740720265963125,0.170133699591804,0.0257477353483903,0.0128061473472313,0.00062738601761904,0,0.00313848687722081,0.0750310086976855,0.0297549105576991,0.0191796420274605,0.0299635203005302,0.0145186153853974,0.0184635190296819,0.0189134310869819,0.0633644309903975,0.04694341929351,0.0719750316441218,0.0399799015346764,0.00798321463610531,0.039421014238584,0.0467986379048287,0.0477000188085543,0.115435913663652,0.0336935870454811,0.0159773267960899,0.0178361330120629,0.0796655699246133,0.000303573879493084,0.0158496700877902,0.0219725217187969,0.00392310859652601,0.00975328387191883,0.0231665789781363,0.0213607035924339,0.00223866276262079,0.00152721013221905,0.140722839430863,0.0525089404175499,0.0210804815498249,0.0252137566783076,0.0607988425113995
"18",2001,0.000302017090367478,0.0737419873016841,0.269905201073613,0.416657484787946,0.271203563204368,0.241213577488702,0.168612716616087,0.307011269882421,0.0225376361713917,0.0370064343047697,0.000814200712691707,0,0.0271986628134547,0.275638855423218,0.0388387751056075,0.058180323202131,0.0692677753546938,0.0436336856124726,0.00431541945617861,0.0334974316156548,0.12054529557389,0.0665184857588743,0.125433613428291,0.0792141010781877,0.0439824063766083,0.198608929488255,0.139559917954036,0.162785654918945,0.25638760109598,0.0762826671546724,0.0344470729822742,0.050910117985553,0.103126382047489,0.000437457744295162,0.0313039157376766,0.0638454788302096,0.0201713167004712,0.0141667810430106,0.0273621256716433,0.0235542194704121,0.010249899602987,0.00627541696531601,0.318587553820424,0.14842583202436,0.0866228605269445,0.0227758249076093,0.305432685709057
"19",2002,0.000547989772213157,0.0647546436795632,0.0218433082213716,0.166444109364118,0.178163617901677,0.0606571747009694,0.037629149955012,0.089727098043402,0.00185880621597304,0.0334382736288818,0,0,0.00302639806017721,0.336235315348289,0.0542447602926001,0.080377022555015,0.0498094680737499,0.0526864143778689,0.0012594424026149,0.00105083265978375,0.0899325942079819,0.0852684539876677,0.14031651746908,0.0485453553037581,0.0335752710719351,0.280522502910242,0.169254113735836,0.051316439947336,0.1306628681012,0.0327844221961275,0.0142010304037739,0.0368211763988227,0.0353142045252365,0.00120184120496749,0.042783678749892,0.0684411203289972,0.017859484848947,0.00922397556921294,0.0149887657013303,0.00592358262292915,0.00680005490064508,0.000784621719305202,0.0685391980439103,0.0446814046940052,0.047953775436028,0.019726075010548,0.0952786080653114
"20",2003,0.000205496164579934,0.0445817701899664,0.101767305140835,0.167245855763805,0.104533719417036,0.130486950930007,0.0873389835247231,0.179231575241842,0.0167276991546317,0.0246284039670799,0,0,0.0023242861645291,0.169872159018702,0.0482075320635017,0.0437878077359076,0.0526988686908738,0.0247529470971284,0.00587065179265856,0.0142928809621846,0.0642268921659829,0.0503730257372191,0.0532982325042319,0.0269044296687153,0.0415849511231757,0.214805763551055,0.120082929203585,0.0639575676472532,0.12426135121671,0.0334553983092635,0.0173753234308836,0.0354060550836472,0.072929343378118,0.00306064742094053,0.0245801435041862,0.0486154108144104,0.00735115825110945,0.00814045033779147,0.0174375949959079,0.0140157724978268,0.00278198216745713,0.00299370548853949,0.133816922869677,0.0422948469644518,0.0169581039452214,0.0225065003888796,0.128270083215144
"21",2004,0.000186814695072667,0.0924670469044678,0.391642997117716,0.617139231594305,0.256495019545646,0.297788851102334,0.308320529537055,0.411445354795419,0.0495354731876433,0.0299401684636461,0,0,0.0306796432983088,0.316372242894687,0.0541124332169236,0.0572011028421251,0.0851594787488753,0.0498670692713973,0.0201152722919494,0.0562281096386216,0.168192383552173,0.0785960557953223,0.11518527061443,0.067759246691982,0.085310487294059,0.196401402508146,0.137135997285468,0.261391121345676,0.311208373365054,0.0731379531209492,0.029459120623834,0.0438142731510429,0.106205710937937,0.00152565334309345,0.0286589310132727,0.047444705391955,0.0108679448858524,0.0106110746801275,0.0227119965534595,0.0186363226226242,0.00638127862585719,0.00423913678902394,0.232777337217046,0.108086312201668,0.0610183497781099,0.0452636438269816,0.242806172764197
"22",2005,0.00238188736217651,0.0756521675588021,0.00252511196173222,0.0557205963836742,0.134296413920364,0.142791812178793,0.160526753897692,0.23259519288935,0.0396981227029418,0.0450939538122906,0,0,0.0248619223359208,0.32805127491498,0.0834688057584677,0.0776650958982101,0.106120087536029,0.0473295029966602,0.0230716148414744,0.0950123971248329,0.228762378062109,0.0974487721064056,0.164051324478063,0.0828741123124863,0.0789214247225738,0.286755886569167,0.172556063471246,0.218260278620774,0.306324725878029,0.0964820060594045,0.0355228142680677,0.0534772632536766,0.0983268011732471,0.000227291212338412,0.0266506730412416,0.0417748793964996,0.00220752698010868,0.0137044146727057,0.00737139650974232,0.0126317869651635,0.00491166969128554,0.000747258780290668,0.147740844809093,0.077472054046635,0.0609747596825929,0.0262786004402218,0.181943501898647
"23",2006,0,0.0515157089554136,0.0121180465537137,0.0184635190296819,0.0761612376028752,0.0225407497496429,0.00470773031583121,0.0259890376628592,0.00203783696541768,0.0226403842536816,0,0,0,0.191281123074029,0.0415958486470549,0.0548519080515863,0.0236040367224315,0.00441349717109176,0.000152565334309345,0.00750061000716758,0.0398429040916231,0.0378206350174615,0.0528841265968208,0.0223772868914543,0.0275972008296097,0.227957518084171,0.0969412588514582,0.0497487532978513,0.0857277067797213,0.0172352124095791,0.00988716773672091,0.0201697599113456,0.0128279423949898,0,0.0253227319171,0.0278151513071945,0.000910721638479252,0.00336422130043361,0.00636259715634992,0.00184479511384259,0.00344673112409071,0.000175917171193428,0.109828359233221,0.0181786266196961,0.0231074209913633,0.00884256223343958,0.130357737432581
"24",2007,0,0.0614091038486369,0.335248311042655,0.337488530594401,0.151179791987556,0.113362270548346,0.130026141348828,0.199908848408135,0.0242065141140408,0.0299915425047911,0,0,0.0184775301318124,0.368384567581169,0.0734244023200606,0.0759822068534305,0.0771186629151226,0.0545670156416005,0.0135643036514012,0.0338228005429064,0.142088143494019,0.0848745863388895,0.154165713530467,0.0734103912179301,0.0678324157808854,0.255789794071747,0.198758381244313,0.189750799363559,0.264443984820988,0.0652201236281193,0.0235495491030353,0.0396732140769321,0.087359221783356,0.000339380029382012,0.0355944265678455,0.0579514752006669,0.0107683103818137,0.0108523769945964,0.0204966856277228,0.0140095453413244,0.00220441340185747,0.0033050633136606,0.223595394954224,0.0849508690060441,0.0573334299178015,0.0389461935552743,0.152565334309345
"25",2008,0.000772167406300357,0.0861527102110116,0.407950363208434,0.401880442407698,0.137637283383913,0.239879409208058,0.204381503566,0.287269626980617,0.0527284476842603,0.0583375589038171,0,0,0.0329416578978136,0.361822701416742,0.103633895302436,0.0890748033997733,0.104175657918147,0.0660919255384584,0.031081294892715,0.100906400754376,0.202891656372796,0.102189194993875,0.157400721333476,0.0729277865889924,0.0859456572573061,0.29739342666443,0.260958333968757,0.29849874694361,0.351786081923963,0.0904151988369197,0.0371512156934511,0.0701629291019169,0.145063167513052,0.00224956028650003,0.0328264555025188,0.0620022405054926,0.014998106436084,0.012278395833651,0.016864696597685,0.0161548007564089,0.00442128111671979,0.00440882680371494,0.21191324935568,0.110298509549154,0.0720248488961412,0.047172267294974,0.195604326475836
"26",2009,0.000127656708299656,0.122410328946365,0.451646320385931,0.567379580772574,0.273443782756114,0.237077188781968,0.184890503713419,0.244428347033078,0.0838330944138594,0.0778067637086402,0,0,0.0416051893818086,0.29484963323319,0.131263788703684,0.0763698473457063,0.111417840930464,0.062833565898566,0.0577926827098552,0.136516395213477,0.180869317401979,0.112895233810664,0.205385632552016,0.0914115438773072,0.0670586915854595,0.282916844585424,0.117788222032442,0.121389075279968,0.221109202720632,0.100168482708838,0.0414837598300113,0.0856436401669386,0.179306301119871,0.00534601385732949,0.0473948881399356,0.0441645507043041,0.00474820683309696,0.018530460962083,0.0265634928502077,0.0219055797863958,0.0100693120644168,0.00683741783965962,0.19624416680646,0.0783734349503607,0.0660109725039269,0.0468204329525872,0.20157928313991
"27",2010,0,0.0489750291024253,0.0534523546276669,0.0958608471982879,0.0716247540908606,0.0454442313655519,0.0170966581774003,0.0215148257158688,0.00204717770017131,0.0052930830270589,0,0,0.00537247927246478,0.0970689155597578,0.0204639930560851,0.01871571886803,0.0149124830341757,0.00956335559859495,0.00885190296819321,0.00833349218936656,0.0136499270533095,0.0174189135264006,0.0194707615939487,0.0123640192355594,0.00341403855245299,0.0502920727026876,0.0297253315643125,0.0114828765904666,0.0210820383389505,0.0240990956643741,0.00354480883900386,0.00374563463620698,0.0251110085960177,0.000902937692851224,0.0101938551944652,0.0140157724978268,0.00076438346067233,0.00409124182209141,0.00415818375449245,0.0016237310580066,0.00233362689928273,0.000758156304169907,0.0488660538636329,0.0229610828135564,0.00321788312262669,0.00694950665670322,0.0453414832832619
"28",2011,0,0.00657743405568349,0.000415662696536684,0.00083443897132458,0.00826810704609112,0.00653384396016653,0.0124216204332068,0.0377334548264275,0.00246595397495921,0.0043699070755748,0,0,4.98172520193779e-05,0.167641280201709,0.0132669569284106,0.0222574141287827,0.0164568178467764,0.0160847452457566,0.00151786939746542,9.65209257875447e-05,0.0297891599184624,0.0414479536801224,0.0634142482424168,0.0441318581326664,0.0125772993457673,0.0668360707404979,0.0377568066633116,0.0066085698381956,0.0314658218067396,0.0210649136585688,0.00239901204255817,0.00406944677433293,0.00973927276978838,7.00555106522502e-05,0.0121818749078635,0.0247949804035197,0.00206741595880418,0.00724218301231706,0.00935785943401502,0.00522302751640665,0.000384526914024573,0.000762826671546724,0.0798414870958067,0.0558887296092396,0.0312400873835268,0.0303418200580523,0.14148566610241
"29",2012,0,0.0161874933280466,0.00194909998525816,0.0120168552605493,0.0611460064864095,0.0441349717109176,0.0697239145684962,0.155856386520875,0.022402195517464,0.0289407098450073,0,0,0.00111154743568237,0.283516208398782,0.0223928547827104,0.04939847574459,0.0164646017924044,0.0331580515862728,0.00395113080078691,0.00250954407047616,0.0959106644503073,0.0468515687350993,0.142315434706358,0.0503216516960741,0.0502780616005571,0.144010778064142,0.0889813960522369,0.0826390371545199,0.17564006272907,0.0470056908585343,0.0151366606682629,0.0289126876407464,0.0205651843492494,0.000786178508430807,0.00743366807476655,0.046537097331727,0.00526661761192361,0.00346541259359797,0.00958048027897661,0.0108445930489683,0.00662102415120044,0.00622404292417103,0.210105817180852,0.0969646106883423,0.0691805951636598,0.042945584818955,0.216214657709728
"30",2013,0.000624272439367829,0.0662149118793812,0.0701629291019169,0.148075554471098,0.126423731312176,0.174224941413895,0.172162195822468,0.289452245334716,0.0645102277868432,0.0649383447963847,0,7.7839456280278e-05,0.0200156377879107,0.35777037932279,0.146917303361648,0.103876754406031,0.130715798931471,0.0832710935395158,0.0436445831363519,0.0676284764054311,0.238159157224264,0.130511859556016,0.194995621927724,0.0820054239803984,0.0846270568679182,0.371848423385641,0.205559992934084,0.322233553952592,0.415679821217066,0.105425759586008,0.0478650384558685,0.072250583319354,0.176860585403545,0.00726864842745236,0.0743273400129118,0.0871179194688871,0.0213420221229266,0.0264654151352945,0.030078722695825,0.028500138522461,0.0130054163553088,0.00805482693588316,0.283514651609656,0.119682834398304,0.0886171073968452,0.0463860887865432,0.322342529191385
"31",2014,0,0.043063900792501,0.0662133550902556,0.0492786029819184,0.0502967430700644,0.00219507266710384,0.000465479948556062,0.00313848687722081,0.00561222479780804,0.0173037111311058,0,0,0.00251732801610419,0.118272383450506,0.0190659964212913,0.0163509561862352,0.0226217027841744,0.00342493607633223,0.000941857420991363,0.00164396931663947,0.0125959808152746,0.016533100513931,0.024762287831882,0.0194785455395768,0.00516075595138243,0.0245163151500363,0.011031407744041,0.0431868871334238,0.00778238883890219,0.0106686758777749,0.000390754070526995,0.00326614358552046,0.012203669955622,0.00195688393088619,0.00637349468022916,0.00841133164564684,0.00148050645845089,0.000275551675232184,0.000982333938257108,0.000217950477584778,0.00138398553266334,0,0.00110064991180313,0.00176072850105989,0.00128279423949898,0.00838175265226033,0.0475723621002547
"32",2015,0.00325213248339001,0.0779702265668288,0.175101413691611,0.125813469974939,0.0894640006811747,0.0201744302787224,0.0403457469791937,0.0790444110634967,0.0133588074868213,0.0460544927027893,0,0,0.00284736731073257,0.304545315907462,0.0659097812107626,0.0513880522471139,0.0536734186835029,0.0279505919611222,0.0053475706464551,0.00397292584854539,0.0660716872798255,0.0768197594030063,0.103725745860847,0.0733776986462924,0.00783376288004717,0.127007527234278,0.0532764374564734,0.0226294867298024,0.0433705882502453,0.0260077191323665,0.0029111956648824,0.0183903499407785,0.0371387613804462,0.00157547059511283,0.0219585106166664,0.0385819048998826,0.0054876816677596,0.00791160233632745,0.0127983634016033,0.00897800288736726,0.0019055098897412,0.000756599515044302,0.193756417783742,0.103229130129779,0.0474026720855637,0.0564367193814527,0.193259802052674
"33",2016,0.0188028990590639,0.0408828392275276,0.199297030281772,0.102103571591966,0.066926364509783,0.05745797304785,0.111070676955454,0.213395312603256,0.0366110098668659,0.0581180516371067,0,0.000165019647314189,0.0277233007487838,0.301556280786299,0.0911064132086885,0.0755914527829035,0.0778939438996741,0.0558373555680946,0.0155678912560556,0.0457073287277792,0.181417307174193,0.092963662635536,0.144230285330853,0.0821906818863455,0.0722085500129627,0.286242146157717,0.10853933783722,0.0913850784621719,0.240888208561451,0.0462599888673692,0.0296350377950274,0.0574673137826036,0.0930430588809418,0.00276797106532668,0.0306562914614247,0.0598133949948912,0.010419589617678,0.00891728811146864,0.022078383379338,0.0197727786843162,0.0105923932106202,0.00337511882431285,0.290113880713098,0.144969760165515,0.119036766911178,0.0601901379632877,0.24476772706246
"34",2017,0.0247996507708966,0.0355399389484493,0.0163602969209888,0.0108648313076012,0.0167619485153951,0.0194754319613255,0.0292287158332444,0.0591735546642673,0.0169114002714532,0.0230529333719671,0.000269324518729762,0,0.0124091661202019,0.14837601477234,0.0292691923505101,0.0186767991398899,0.0149731978100743,0.0115934086183846,0.00580526664938313,0.0318643598228946,0.00845959210854061,0.0179560057747345,0.00951042476832436,0.0117895640482109,0.00321321275524987,0.0300257918655544,0.0245521212999253,0.00871646231426553,0.0152845556351954,0.00825720952221189,0.0103152847462624,0.0233751887209675,0.0285312743049731,0.000705225473899318,0.0270912443637879,0.0355274846354445,0.00409902576771944,0.0010352647685277,0.00522925467290907,0.00535379780295752,0.0120542181995638,0.00150697187358618,0.0547631710714268,0.0235775713072962,0.0187126052897788,0.0163696376557425,0.0433970536653806
"35",2018,0.0188387052089529,0.0728141409828232,0.296608804945125,0.234949058047265,0.0867224950309833,0.09554481900579,0.0486698984338066,0.130673765625079,0.0686606275957076,0.0730087396235239,0,0,0.0476969052303031,0.422711837697426,0.129126317234227,0.085515983458639,0.0955993066251862,0.0756755193956862,0.0333277416009638,0.124661446021991,0.113071150981857,0.116307715573991,0.107094637528658,0.0849742208429282,0.0478058804690955,0.295338465018631,0.152373849246895,0.0381631286250947,0.167834322053284,0.0778861599540461,0.0223539350545702,0.0588232771110061,0.0762733264199188,0.00119405725933946,0.0471971759209837,0.0657712269785837,0.000519967567952257,0.000577568765599662,0.0104258167741804,0.00841600201302365,0.0219756352970481,0.00441661074934297,0.297438573549073,0.111201447242005,0.0785882718496942,0.0642907205201328,0.217799469039595
"36",2019,0.000284892409985817,0.00524949293154195,0.11460770184883,0.0333728884856064,0.0261462733645454,0.0165953720789553,0.000957425312247419,0.00356349030851112,0.00172025198379414,0.00426404541503363,0,0,0.000902937692851224,0.0976028942298405,0.0382861149660175,0.0200358760465435,0.0443186728277391,0.0407411714170975,0.00135129296102563,0.00737451008799353,0.0424489690878868,0.0784310361480081,0.0818559722243403,0.0531425535916714,0.0251888480522979,0.100831674876346,0.0290216628795388,0.00287227593674226,0.0445708726660872,0.00425314789115439,0,0.00438858854508207,0.0030513066861869,0.000113645606169206,0.00203472338716647,0.00579903949288071,0,0.000231961579715228,0.000923175951484097,0.00395424437903812,3.73629390145334e-05,0,0.0370905009175524,0.0363136631438753,0.031302358948551,0.0136950739379521,0.0860982225916155
"37",2020,0.0068343042614084,0.0169658878908494,0.123481399864782,0.0751384271473523,0.0462615456564948,0.0321632633350108,0.0103900106242915,0.0025484637986163,0.00200047402640314,0.0107729807491905,0,0,0.00981711222606866,0.224515457327457,0.0511436363543938,0.0230560469502183,0.0318098722034984,0.0446876318505076,0.00829768603947763,0.0263035090662315,0.0369986503591417,0.0789541172942115,0.0702111895648107,0.0392886871629075,0.0468500119459737,0.0946808010410789,0.0352830687427244,0.00886747085944927,0.0386737554582933,0.0116120900878919,0.00157080022773601,0.0246533125930896,0.0172585642464632,0.000962095679624236,0.016797754665284,0.0207161928944332,6.6941932401039e-05,0,0.0042562614694056,0.00620224787641255,0,0.000228848001464017,0.0268110223211789,0.0806743692780057,0.0896585993218754,0.0372664180887459,0.163708830870429
"38",2021,0.00283491299772772,0.00206585916967858,0.0731177148623163,0.130326601650069,0.0478743791906222,0.0450830562884114,0.0265868446870917,0.0355866426222175,0.00656342295355304,0.0173099382876082,0,0,0.000303573879493084,0.044405853018773,0.0226964286622034,0.0159897811090947,0.0178548144815702,0.0237098983829727,5.13740411449835e-05,0.00679382774414266,0,0.00662413772945165,0.00729822742083886,0.00542385331360977,0.00105394623803496,0.0220768265902124,0.0332187663621714,0.00452869956638657,0.0132077989416376,0.0461479000503256,0.0089328560027247,0.0264576311896665,0.0334865340917756,0.000909164849353647,0.0257352810353855,0.0164085573838826,8.87369801595169e-05,0,0.00540672863322811,0.00573054077135406,0,0.000541762615710735,0.0263455423726229,0.079307508425724,0.0536812026291309,0.0665527351196376,0.0717430700644066
"39",2022,0.00640618725186688,0.0126240030195355,0.0928126540903522,0.292615640837947,0.10423481590492,0.097668279373116,0.0589758424453154,0.0759588550165464,0.0121164897645881,0.0319982436876967,0,0,0.00139021268916576,0.0509505945028187,0.0196684738129006,0.0208438496027328,0.0254083553190083,0.0337932215495199,0.00058535271122769,0.00856545376908179,0.00221686771486232,0.0388558997859891,0.0452807685073633,0.0400639681474591,0.00440259964721252,0.0586629278310687,0.0648589485509788,0.0141683378321362,0.0531300992786665,0.0960414347368582,0.0219725217187969,0.0552302078091084,0.0632149792343393,0.00154900517997753,0.0421329408953889,0.0167728460392743,0.000194598640700695,0,0.00601076281396306,0.00990273562797696,0.000211723321082356,0.00280377721521561,0.0785789311149406,0.0912153884474809,0.107443358292793,0.0818699833264707,0.172775570737956
"40",2023,0.00645133413650944,0.000675646480512813,0.000228848001464017,0.00469527600282637,0.00818715401155964,6.84987215266446e-05,0,0.000706782263024924,0,8.56234019083058e-05,0,0,0,0.0350168578022458,0.00937342732527107,0.000219507266710384,0.000160349279937373,0.000426560220415923,0.000263097362227339,0.000214836899333567,0.00228225285813775,0.0264155978832751,0.0233378257819529,0.0143193463773199,0,0.000535535459208312,0.00169067299040764,0.00136063369577926,0.00215926651721491,0.00388574565751148,4.04765172657445e-05,0.000800189610561257,0.0001681332255654,0,0.00121896588534915,0.000292676355613845,0,0.000118315973546022,0.00102125366639725,0.00323033743563154,0.00133105470239275,6.22715650242224e-05,0.00286293520198862,0.020160419176592,0.00617266888302604,0.0152767716895674,0.0386177110497715
"41",2024,0.000832882182198974,0.00299370548853949,0.00124387451135884,0.00671131792048557,0.00671443149873678,0.0168506854955546,0.0146011252090545,0.00348565085223085,0.00434499844956512,0.00163151500363463,3.73629390145334e-05,0,0,0.0258364723285499,0.00762515313721603,0.00029111956648824,2.02382586328723e-05,4.04765172657445e-05,0.00493035116079281,0.0010928659661751,0.0115902950401334,0.038153787890341,0.0299246005723901,0.00848294394542469,0.000708339052150529,0.00150697187358618,0.00461899333567169,0.00193664567225332,0.0036973741733132,0.00638283541498279,0.000295789933865056,0.00137931516528653,0.000451468846425612,1.55678912560556e-05,0.0019895765025239,0.000420333063913501,0.0012329769874796,0.00265588224828308,0.002912752454008,0.0014291324173059,0,0.000197712218951906,0.0184370536145466,0.0471193364647035,0.0111995409696064,0.00930804218199564,0.0529479549509707
